IDvendedor;Data;MetaTrimestral;MetaMensal;MesInicio;TerritoryID
274;01/jun/11;28000;9333,333333;01/06/2011 00:00;
274;01/jul/11;28000;9333,333333;01/07/2011 00:00;
274;01/ago/11;28000;9333,333333;01/08/2011 00:00;
274;01/set/11;7000;2333,333333;01/09/2011 00:00;
274;01/out/11;7000;2333,333333;01/10/2011 00:00;
274;01/nov/11;7000;2333,333333;01/11/2011 00:00;
274;01/dez/11;91000;30333,33333;01/12/2011 00:00;
274;01/jan/12;91000;30333,33333;01/01/2012 00:00;
274;01/fev/12;91000;30333,33333;01/02/2012 00:00;
274;01/mar/12;140000;46666,66667;01/03/2012 00:00;
274;01/abr/12;140000;46666,66667;01/04/2012 00:00;
274;01/mai/12;140000;46666,66667;01/05/2012 00:00;
274;01/jun/12;70000;23333,33333;01/06/2012 00:00;
274;01/jul/12;70000;23333,33333;01/07/2012 00:00;
274;01/ago/12;70000;23333,33333;01/08/2012 00:00;
274;01/set/12;154000;51333,33333;01/09/2012 00:00;
274;01/out/12;154000;51333,33333;01/10/2012 00:00;
274;01/nov/12;154000;51333,33333;01/11/2012 00:00;
274;01/dez/12;107000;35666,66667;01/12/2012 00:00;
274;01/jan/13;107000;35666,66667;01/01/2013 00:00;
274;01/fev/13;107000;35666,66667;01/02/2013 00:00;
274;01/mar/13;58000;19333,33333;01/03/2013 00:00;
274;01/abr/13;58000;19333,33333;01/04/2013 00:00;
274;01/mai/13;58000;19333,33333;01/05/2013 00:00;
274;01/jun/13;263000;87666,66667;01/06/2013 00:00;
274;01/jul/13;263000;87666,66667;01/07/2013 00:00;
274;01/ago/13;263000;87666,66667;01/08/2013 00:00;
274;01/set/13;116000;38666,66667;01/09/2013 00:00;
274;01/out/13;116000;38666,66667;01/10/2013 00:00;
274;01/nov/13;116000;38666,66667;01/11/2013 00:00;
274;01/dez/13;84000;28000;01/12/2013 00:00;
274;01/jan/14;84000;28000;01/01/2014 00:00;
274;01/fev/14;84000;28000;01/02/2014 00:00;
274;01/mar/14;187000;62333,33333;01/03/2014 00:00;
274;01/abr/14;187000;62333,33333;01/04/2014 00:00;
274;01/mai/14;187000;62333,33333;01/05/2014 00:00;
274;01/jun/14;187000;62333,33333;01/06/2014 00:00;
275;01/jun/11;367000;122333,3333;01/06/2011 00:00;2
275;01/jul/11;367000;122333,3333;01/07/2011 00:00;2
275;01/ago/11;367000;122333,3333;01/08/2011 00:00;2
275;01/set/11;556000;185333,3333;01/09/2011 00:00;2
275;01/out/11;556000;185333,3333;01/10/2011 00:00;2
275;01/nov/11;556000;185333,3333;01/11/2011 00:00;2
275;01/dez/11;502000;167333,3333;01/12/2011 00:00;2
275;01/jan/12;502000;167333,3333;01/01/2012 00:00;2
275;01/fev/12;502000;167333,3333;01/02/2012 00:00;2
275;01/mar/12;550000;183333,3333;01/03/2012 00:00;2
275;01/abr/12;550000;183333,3333;01/04/2012 00:00;2
275;01/mai/12;550000;183333,3333;01/05/2012 00:00;2
275;01/jun/12;1429000;476333,3333;01/06/2012 00:00;2
275;01/jul/12;1429000;476333,3333;01/07/2012 00:00;2
275;01/ago/12;1429000;476333,3333;01/08/2012 00:00;2
275;01/set/12;1324000;441333,3333;01/09/2012 00:00;2
275;01/out/12;1324000;441333,3333;01/10/2012 00:00;2
275;01/nov/12;1324000;441333,3333;01/11/2012 00:00;2
275;01/dez/12;729000;243000;01/12/2012 00:00;2
275;01/jan/13;729000;243000;01/01/2013 00:00;2
275;01/fev/13;729000;243000;01/02/2013 00:00;2
275;01/mar/13;1194000;398000;01/03/2013 00:00;2
275;01/abr/13;1194000;398000;01/04/2013 00:00;2
275;01/mai/13;1194000;398000;01/05/2013 00:00;2
275;01/jun/13;1575000;525000;01/06/2013 00:00;2
275;01/jul/13;1575000;525000;01/07/2013 00:00;2
275;01/ago/13;1575000;525000;01/08/2013 00:00;2
275;01/set/13;1218000;406000;01/09/2013 00:00;2
275;01/out/13;1218000;406000;01/10/2013 00:00;2
275;01/nov/13;1218000;406000;01/11/2013 00:00;2
275;01/dez/13;849000;283000;01/12/2013 00:00;2
275;01/jan/14;849000;283000;01/01/2014 00:00;2
275;01/fev/14;849000;283000;01/02/2014 00:00;2
275;01/mar/14;869000;289666,6667;01/03/2014 00:00;2
275;01/abr/14;869000;289666,6667;01/04/2014 00:00;2
275;01/mai/14;869000;289666,6667;01/05/2014 00:00;2
275;01/jun/14;869000;289666,6667;01/06/2014 00:00;2
276;01/jun/11;637000;212333,3333;01/06/2011 00:00;4
276;01/jul/11;637000;212333,3333;01/07/2011 00:00;4
276;01/ago/11;637000;212333,3333;01/08/2011 00:00;4
276;01/set/11;781000;260333,3333;01/09/2011 00:00;4
276;01/out/11;781000;260333,3333;01/10/2011 00:00;4
276;01/nov/11;781000;260333,3333;01/11/2011 00:00;4
276;01/dez/11;665000;221666,6667;01/12/2011 00:00;4
276;01/jan/12;665000;221666,6667;01/01/2012 00:00;4
276;01/fev/12;665000;221666,6667;01/02/2012 00:00;4
276;01/mar/12;639000;213000;01/03/2012 00:00;4
276;01/abr/12;639000;213000;01/04/2012 00:00;4
276;01/mai/12;639000;213000;01/05/2012 00:00;4
276;01/jun/12;1355000;451666,6667;01/06/2012 00:00;4
276;01/jul/12;1355000;451666,6667;01/07/2012 00:00;4
276;01/ago/12;1355000;451666,6667;01/08/2012 00:00;4
276;01/set/12;1009000;336333,3333;01/09/2012 00:00;4
276;01/out/12;1009000;336333,3333;01/10/2012 00:00;4
276;01/nov/12;1009000;336333,3333;01/11/2012 00:00;4
276;01/dez/12;860000;286666,6667;01/12/2012 00:00;4
276;01/jan/13;860000;286666,6667;01/01/2013 00:00;4
276;01/fev/13;860000;286666,6667;01/02/2013 00:00;4
276;01/mar/13;1021000;340333,3333;01/03/2013 00:00;4
276;01/abr/13;1021000;340333,3333;01/04/2013 00:00;4
276;01/mai/13;1021000;340333,3333;01/05/2013 00:00;4
276;01/jun/13;1525000;508333,3333;01/06/2013 00:00;4
276;01/jul/13;1525000;508333,3333;01/07/2013 00:00;4
276;01/ago/13;1525000;508333,3333;01/08/2013 00:00;4
276;01/set/13;1276000;425333,3333;01/09/2013 00:00;4
276;01/out/13;1276000;425333,3333;01/10/2013 00:00;4
276;01/nov/13;1276000;425333,3333;01/11/2013 00:00;4
276;01/dez/13;894000;298000;01/12/2013 00:00;4
276;01/jan/14;894000;298000;01/01/2014 00:00;4
276;01/fev/14;894000;298000;01/02/2014 00:00;4
276;01/mar/14;1124000;374666,6667;01/03/2014 00:00;4
276;01/abr/14;1124000;374666,6667;01/04/2014 00:00;4
276;01/mai/14;1124000;374666,6667;01/05/2014 00:00;4
276;01/jun/14;1124000;374666,6667;01/06/2014 00:00;4
277;01/jun/11;565000;188333,3333;01/06/2011 00:00;3
277;01/jul/11;565000;188333,3333;01/07/2011 00:00;3
277;01/ago/11;565000;188333,3333;01/08/2011 00:00;3
277;01/set/11;872000;290666,6667;01/09/2011 00:00;3
277;01/out/11;872000;290666,6667;01/10/2011 00:00;3
277;01/nov/11;872000;290666,6667;01/11/2011 00:00;3
277;01/dez/11;846000;282000;01/12/2011 00:00;3
277;01/jan/12;846000;282000;01/01/2012 00:00;3
277;01/fev/12;846000;282000;01/02/2012 00:00;3
277;01/mar/12;952000;317333,3333;01/03/2012 00:00;3
277;01/abr/12;952000;317333,3333;01/04/2012 00:00;3
277;01/mai/12;952000;317333,3333;01/05/2012 00:00;3
277;01/jun/12;1600000;533333,3333;01/06/2012 00:00;3
277;01/jul/12;1600000;533333,3333;01/07/2012 00:00;3
277;01/ago/12;1600000;533333,3333;01/08/2012 00:00;3
277;01/set/12;1352000;450666,6667;01/09/2012 00:00;3
277;01/out/12;1352000;450666,6667;01/10/2012 00:00;3
277;01/nov/12;1352000;450666,6667;01/11/2012 00:00;3
277;01/dez/12;839000;279666,6667;01/12/2012 00:00;3
277;01/jan/13;839000;279666,6667;01/01/2013 00:00;3
277;01/fev/13;839000;279666,6667;01/02/2013 00:00;3
277;01/mar/13;1369000;456333,3333;01/03/2013 00:00;3
277;01/abr/13;1369000;456333,3333;01/04/2013 00:00;3
277;01/mai/13;1369000;456333,3333;01/05/2013 00:00;3
277;01/jun/13;1171000;390333,3333;01/06/2013 00:00;3
277;01/jul/13;1171000;390333,3333;01/07/2013 00:00;3
277;01/ago/13;1171000;390333,3333;01/08/2013 00:00;3
277;01/set/13;971000;323666,6667;01/09/2013 00:00;3
277;01/out/13;971000;323666,6667;01/10/2013 00:00;3
277;01/nov/13;971000;323666,6667;01/11/2013 00:00;3
277;01/dez/13;714000;238000;01/12/2013 00:00;3
277;01/jan/14;714000;238000;01/01/2014 00:00;3
277;01/fev/14;714000;238000;01/02/2014 00:00;3
277;01/mar/14;947000;315666,6667;01/03/2014 00:00;3
277;01/abr/14;947000;315666,6667;01/04/2014 00:00;3
277;01/mai/14;947000;315666,6667;01/05/2014 00:00;3
277;01/jun/14;947000;315666,6667;01/06/2014 00:00;3
278;01/jun/11;244000;81333,33333;01/06/2011 00:00;6
278;01/jul/11;244000;81333,33333;01/07/2011 00:00;6
278;01/ago/11;244000;81333,33333;01/08/2011 00:00;6
278;01/set/11;356000;118666,6667;01/09/2011 00:00;6
278;01/out/11;356000;118666,6667;01/10/2011 00:00;6
278;01/nov/11;356000;118666,6667;01/11/2011 00:00;6
278;01/dez/11;266000;88666,66667;01/12/2011 00:00;6
278;01/jan/12;266000;88666,66667;01/01/2012 00:00;6
278;01/fev/12;266000;88666,66667;01/02/2012 00:00;6
278;01/mar/12;341000;113666,6667;01/03/2012 00:00;6
278;01/abr/12;341000;113666,6667;01/04/2012 00:00;6
278;01/mai/12;341000;113666,6667;01/05/2012 00:00;6
278;01/jun/12;542000;180666,6667;01/06/2012 00:00;6
278;01/jul/12;542000;180666,6667;01/07/2012 00:00;6
278;01/ago/12;542000;180666,6667;01/08/2012 00:00;6
278;01/set/12;329000;109666,6667;01/09/2012 00:00;6
278;01/out/12;329000;109666,6667;01/10/2012 00:00;6
278;01/nov/12;329000;109666,6667;01/11/2012 00:00;6
278;01/dez/12;239000;79666,66667;01/12/2012 00:00;6
278;01/jan/13;239000;79666,66667;01/01/2013 00:00;6
278;01/fev/13;239000;79666,66667;01/02/2013 00:00;6
278;01/mar/13;418000;139333,3333;01/03/2013 00:00;6
278;01/abr/13;418000;139333,3333;01/04/2013 00:00;6
278;01/mai/13;418000;139333,3333;01/05/2013 00:00;6
278;01/jun/13;507000;169000;01/06/2013 00:00;6
278;01/jul/13;507000;169000;01/07/2013 00:00;6
278;01/ago/13;507000;169000;01/08/2013 00:00;6
278;01/set/13;453000;151000;01/09/2013 00:00;6
278;01/out/13;453000;151000;01/10/2013 00:00;6
278;01/nov/13;453000;151000;01/11/2013 00:00;6
278;01/dez/13;280000;93333,33333;01/12/2013 00:00;6
278;01/jan/14;280000;93333,33333;01/01/2014 00:00;6
278;01/fev/14;280000;93333,33333;01/02/2014 00:00;6
278;01/mar/14;390000;130000;01/03/2014 00:00;6
278;01/abr/14;390000;130000;01/04/2014 00:00;6
278;01/mai/14;390000;130000;01/05/2014 00:00;6
278;01/jun/14;390000;130000;01/06/2014 00:00;6
279;01/jun/11;669000;223000;01/06/2011 00:00;5
279;01/jul/11;669000;223000;01/07/2011 00:00;5
279;01/ago/11;669000;223000;01/08/2011 00:00;5
279;01/set/11;917000;305666,6667;01/09/2011 00:00;5
279;01/out/11;917000;305666,6667;01/10/2011 00:00;5
279;01/nov/11;917000;305666,6667;01/11/2011 00:00;5
279;01/dez/11;780000;260000;01/12/2011 00:00;5
279;01/jan/12;780000;260000;01/01/2012 00:00;5
279;01/fev/12;780000;260000;01/02/2012 00:00;5
279;01/mar/12;802000;267333,3333;01/03/2012 00:00;5
279;01/abr/12;802000;267333,3333;01/04/2012 00:00;5
279;01/mai/12;802000;267333,3333;01/05/2012 00:00;5
279;01/jun/12;734000;244666,6667;01/06/2012 00:00;5
279;01/jul/12;734000;244666,6667;01/07/2012 00:00;5
279;01/ago/12;734000;244666,6667;01/08/2012 00:00;5
279;01/set/12;647000;215666,6667;01/09/2012 00:00;5
279;01/out/12;647000;215666,6667;01/10/2012 00:00;5
279;01/nov/12;647000;215666,6667;01/11/2012 00:00;5
279;01/dez/12;571000;190333,3333;01/12/2012 00:00;5
279;01/jan/13;571000;190333,3333;01/01/2013 00:00;5
279;01/fev/13;571000;190333,3333;01/02/2013 00:00;5
279;01/mar/13;572000;190666,6667;01/03/2013 00:00;5
279;01/abr/13;572000;190666,6667;01/04/2013 00:00;5
279;01/mai/13;572000;190666,6667;01/05/2013 00:00;5
279;01/jun/13;950000;316666,6667;01/06/2013 00:00;5
279;01/jul/13;950000;316666,6667;01/07/2013 00:00;5
279;01/ago/13;950000;316666,6667;01/08/2013 00:00;5
279;01/set/13;675000;225000;01/09/2013 00:00;5
279;01/out/13;675000;225000;01/10/2013 00:00;5
279;01/nov/13;675000;225000;01/11/2013 00:00;5
279;01/dez/13;538000;179333,3333;01/12/2013 00:00;5
279;01/jan/14;538000;179333,3333;01/01/2014 00:00;5
279;01/fev/14;538000;179333,3333;01/02/2014 00:00;5
279;01/mar/14;686000;228666,6667;01/03/2014 00:00;5
279;01/abr/14;686000;228666,6667;01/04/2014 00:00;5
279;01/mai/14;686000;228666,6667;01/05/2014 00:00;5
279;01/jun/14;686000;228666,6667;01/06/2014 00:00;5
280;01/jun/11;165000;55000;01/06/2011 00:00;1
280;01/jul/11;165000;55000;01/07/2011 00:00;1
280;01/ago/11;165000;55000;01/08/2011 00:00;1
280;01/set/11;469000;156333,3333;01/09/2011 00:00;1
280;01/out/11;469000;156333,3333;01/10/2011 00:00;1
280;01/nov/11;469000;156333,3333;01/11/2011 00:00;1
280;01/dez/11;264000;88000;01/12/2011 00:00;1
280;01/jan/12;264000;88000;01/01/2012 00:00;1
280;01/fev/12;264000;88000;01/02/2012 00:00;1
280;01/mar/12;301000;100333,3333;01/03/2012 00:00;1
280;01/abr/12;301000;100333,3333;01/04/2012 00:00;1
280;01/mai/12;301000;100333,3333;01/05/2012 00:00;1
280;01/jun/12;210000;70000;01/06/2012 00:00;1
280;01/jul/12;210000;70000;01/07/2012 00:00;1
280;01/ago/12;210000;70000;01/08/2012 00:00;1
280;01/set/12;226000;75333,33333;01/09/2012 00:00;1
280;01/out/12;226000;75333,33333;01/10/2012 00:00;1
280;01/nov/12;226000;75333,33333;01/11/2012 00:00;1
280;01/dez/12;190000;63333,33333;01/12/2012 00:00;1
280;01/jan/13;190000;63333,33333;01/01/2013 00:00;1
280;01/fev/13;190000;63333,33333;01/02/2013 00:00;1
280;01/mar/13;224000;74666,66667;01/03/2013 00:00;1
280;01/abr/13;224000;74666,66667;01/04/2013 00:00;1
280;01/mai/13;224000;74666,66667;01/05/2013 00:00;1
280;01/jun/13;319000;106333,3333;01/06/2013 00:00;1
280;01/jul/13;319000;106333,3333;01/07/2013 00:00;1
280;01/ago/13;319000;106333,3333;01/08/2013 00:00;1
280;01/set/13;450000;150000;01/09/2013 00:00;1
280;01/out/13;450000;150000;01/10/2013 00:00;1
280;01/nov/13;450000;150000;01/11/2013 00:00;1
280;01/dez/13;343000;114333,3333;01/12/2013 00:00;1
280;01/jan/14;343000;114333,3333;01/01/2014 00:00;1
280;01/fev/14;343000;114333,3333;01/02/2014 00:00;1
280;01/mar/14;390000;130000;01/03/2014 00:00;1
280;01/abr/14;390000;130000;01/04/2014 00:00;1
280;01/mai/14;390000;130000;01/05/2014 00:00;1
280;01/jun/14;390000;130000;01/06/2014 00:00;1
281;01/jun/11;460000;153333,3333;01/06/2011 00:00;4
281;01/jul/11;460000;153333,3333;01/07/2011 00:00;4
281;01/ago/11;460000;153333,3333;01/08/2011 00:00;4
281;01/set/11;549000;183000;01/09/2011 00:00;4
281;01/out/11;549000;183000;01/10/2011 00:00;4
281;01/nov/11;549000;183000;01/11/2011 00:00;4
281;01/dez/11;473000;157666,6667;01/12/2011 00:00;4
281;01/jan/12;473000;157666,6667;01/01/2012 00:00;4
281;01/fev/12;473000;157666,6667;01/02/2012 00:00;4
281;01/mar/12;493000;164333,3333;01/03/2012 00:00;4
281;01/abr/12;493000;164333,3333;01/04/2012 00:00;4
281;01/mai/12;493000;164333,3333;01/05/2012 00:00;4
281;01/jun/12;1034000;344666,6667;01/06/2012 00:00;4
281;01/jul/12;1034000;344666,6667;01/07/2012 00:00;4
281;01/ago/12;1034000;344666,6667;01/08/2012 00:00;4
281;01/set/12;813000;271000;01/09/2012 00:00;4
281;01/out/12;813000;271000;01/10/2012 00:00;4
281;01/nov/12;813000;271000;01/11/2012 00:00;4
281;01/dez/12;470000;156666,6667;01/12/2012 00:00;4
281;01/jan/13;470000;156666,6667;01/01/2013 00:00;4
281;01/fev/13;470000;156666,6667;01/02/2013 00:00;4
281;01/mar/13;555000;185000;01/03/2013 00:00;4
281;01/abr/13;555000;185000;01/04/2013 00:00;4
281;01/mai/13;555000;185000;01/05/2013 00:00;4
281;01/jun/13;935000;311666,6667;01/06/2013 00:00;4
281;01/jul/13;935000;311666,6667;01/07/2013 00:00;4
281;01/ago/13;935000;311666,6667;01/08/2013 00:00;4
281;01/set/13;684000;228000;01/09/2013 00:00;4
281;01/out/13;684000;228000;01/10/2013 00:00;4
281;01/nov/13;684000;228000;01/11/2013 00:00;4
281;01/dez/13;614000;204666,6667;01/12/2013 00:00;4
281;01/jan/14;614000;204666,6667;01/01/2014 00:00;4
281;01/fev/14;614000;204666,6667;01/02/2014 00:00;4
281;01/mar/14;724000;241333,3333;01/03/2014 00:00;4
281;01/abr/14;724000;241333,3333;01/04/2014 00:00;4
281;01/mai/14;724000;241333,3333;01/05/2014 00:00;4
281;01/jun/14;724000;241333,3333;01/06/2014 00:00;4
282;01/jun/11;525000;175000;01/06/2011 00:00;6
282;01/jul/11;525000;175000;01/07/2011 00:00;6
282;01/ago/11;525000;175000;01/08/2011 00:00;6
282;01/set/11;767000;255666,6667;01/09/2011 00:00;6
282;01/out/11;767000;255666,6667;01/10/2011 00:00;6
282;01/nov/11;767000;255666,6667;01/11/2011 00:00;6
282;01/dez/11;583000;194333,3333;01/12/2011 00:00;6
282;01/jan/12;583000;194333,3333;01/01/2012 00:00;6
282;01/fev/12;583000;194333,3333;01/02/2012 00:00;6
282;01/mar/12;583000;194333,3333;01/03/2012 00:00;6
282;01/abr/12;583000;194333,3333;01/04/2012 00:00;6
282;01/mai/12;583000;194333,3333;01/05/2012 00:00;6
282;01/jun/12;496000;165333,3333;01/06/2012 00:00;6
282;01/jul/12;496000;165333,3333;01/07/2012 00:00;6
282;01/ago/12;496000;165333,3333;01/08/2012 00:00;6
282;01/set/12;452000;150666,6667;01/09/2012 00:00;6
282;01/out/12;452000;150666,6667;01/10/2012 00:00;6
282;01/nov/12;452000;150666,6667;01/11/2012 00:00;6
282;01/dez/12;288000;96000;01/12/2012 00:00;6
282;01/jan/13;288000;96000;01/01/2013 00:00;6
282;01/fev/13;288000;96000;01/02/2013 00:00;6
282;01/mar/13;247000;82333,33333;01/03/2013 00:00;6
282;01/abr/13;247000;82333,33333;01/04/2013 00:00;6
282;01/mai/13;247000;82333,33333;01/05/2013 00:00;6
282;01/jun/13;1051000;350333,3333;01/06/2013 00:00;6
282;01/jul/13;1051000;350333,3333;01/07/2013 00:00;6
282;01/ago/13;1051000;350333,3333;01/08/2013 00:00;6
282;01/set/13;707000;235666,6667;01/09/2013 00:00;6
282;01/out/13;707000;235666,6667;01/10/2013 00:00;6
282;01/nov/13;707000;235666,6667;01/11/2013 00:00;6
282;01/dez/13;569000;189666,6667;01/12/2013 00:00;6
282;01/jan/14;569000;189666,6667;01/01/2014 00:00;6
282;01/fev/14;569000;189666,6667;01/02/2014 00:00;6
282;01/mar/14;830000;276666,6667;01/03/2014 00:00;6
282;01/abr/14;830000;276666,6667;01/04/2014 00:00;6
282;01/mai/14;830000;276666,6667;01/05/2014 00:00;6
282;01/jun/14;830000;276666,6667;01/06/2014 00:00;6
283;01/jun/11;226000;75333,33333;01/06/2011 00:00;1
283;01/jul/11;226000;75333,33333;01/07/2011 00:00;1
283;01/ago/11;226000;75333,33333;01/08/2011 00:00;1
283;01/set/11;353000;117666,6667;01/09/2011 00:00;1
283;01/out/11;353000;117666,6667;01/10/2011 00:00;1
283;01/nov/11;353000;117666,6667;01/11/2011 00:00;1
283;01/dez/11;280000;93333,33333;01/12/2011 00:00;1
283;01/jan/12;280000;93333,33333;01/01/2012 00:00;1
283;01/fev/12;280000;93333,33333;01/02/2012 00:00;1
283;01/mar/12;267000;89000;01/03/2012 00:00;1
283;01/abr/12;267000;89000;01/04/2012 00:00;1
283;01/mai/12;267000;89000;01/05/2012 00:00;1
283;01/jun/12;483000;161000;01/06/2012 00:00;1
283;01/jul/12;483000;161000;01/07/2012 00:00;1
283;01/ago/12;483000;161000;01/08/2012 00:00;1
283;01/set/12;341000;113666,6667;01/09/2012 00:00;1
283;01/out/12;341000;113666,6667;01/10/2012 00:00;1
283;01/nov/12;341000;113666,6667;01/11/2012 00:00;1
283;01/dez/12;151000;50333,33333;01/12/2012 00:00;1
283;01/jan/13;151000;50333,33333;01/01/2013 00:00;1
283;01/fev/13;151000;50333,33333;01/02/2013 00:00;1
283;01/mar/13;284000;94666,66667;01/03/2013 00:00;1
283;01/abr/13;284000;94666,66667;01/04/2013 00:00;1
283;01/mai/13;284000;94666,66667;01/05/2013 00:00;1
283;01/jun/13;631000;210333,3333;01/06/2013 00:00;1
283;01/jul/13;631000;210333,3333;01/07/2013 00:00;1
283;01/ago/13;631000;210333,3333;01/08/2013 00:00;1
283;01/set/13;372000;124000;01/09/2013 00:00;1
283;01/out/13;372000;124000;01/10/2013 00:00;1
283;01/nov/13;372000;124000;01/11/2013 00:00;1
283;01/dez/13;234000;78000;01/12/2013 00:00;1
283;01/jan/14;234000;78000;01/01/2014 00:00;1
283;01/fev/14;234000;78000;01/02/2014 00:00;1
283;01/mar/14;403000;134333,3333;01/03/2014 00:00;1
283;01/abr/14;403000;134333,3333;01/04/2014 00:00;1
283;01/mai/14;403000;134333,3333;01/05/2014 00:00;1
283;01/jun/14;403000;134333,3333;01/06/2014 00:00;1
284;01/set/12;321000;107000;01/09/2012 00:00;1
284;01/out/12;321000;107000;01/10/2012 00:00;1
284;01/nov/12;321000;107000;01/11/2012 00:00;1
284;01/dez/12;281000;93666,66667;01/12/2012 00:00;1
284;01/jan/13;281000;93666,66667;01/01/2013 00:00;1
284;01/fev/13;281000;93666,66667;01/02/2013 00:00;1
284;01/mar/13;304000;101333,3333;01/03/2013 00:00;1
284;01/abr/13;304000;101333,3333;01/04/2013 00:00;1
284;01/mai/13;304000;101333,3333;01/05/2013 00:00;1
284;01/jun/13;516000;172000;01/06/2013 00:00;1
284;01/jul/13;516000;172000;01/07/2013 00:00;1
284;01/ago/13;516000;172000;01/08/2013 00:00;1
284;01/set/13;380000;126666,6667;01/09/2013 00:00;1
284;01/out/13;380000;126666,6667;01/10/2013 00:00;1
284;01/nov/13;380000;126666,6667;01/11/2013 00:00;1
284;01/dez/13;454000;151333,3333;01/12/2013 00:00;1
284;01/jan/14;454000;151333,3333;01/01/2014 00:00;1
284;01/fev/14;454000;151333,3333;01/02/2014 00:00;1
284;01/mar/14;497000;165666,6667;01/03/2014 00:00;1
284;01/abr/14;497000;165666,6667;01/04/2014 00:00;1
284;01/mai/14;497000;165666,6667;01/05/2014 00:00;1
284;01/jun/14;497000;165666,6667;01/06/2014 00:00;1
285;01/jun/13;132000;44000;01/06/2013 00:00;
285;01/jul/13;132000;44000;01/07/2013 00:00;
285;01/ago/13;132000;44000;01/08/2013 00:00;
285;01/set/13;40000;13333,33333;01/09/2013 00:00;
285;01/out/13;40000;13333,33333;01/10/2013 00:00;
285;01/nov/13;40000;13333,33333;01/11/2013 00:00;
285;01/dez/13;7000;2333,333333;01/12/2013 00:00;
285;01/jan/14;7000;2333,333333;01/01/2014 00:00;
285;01/fev/14;7000;2333,333333;01/02/2014 00:00;
285;01/mar/14;26000;8666,666667;01/03/2014 00:00;
285;01/abr/14;26000;8666,666667;01/04/2014 00:00;
285;01/mai/14;26000;8666,666667;01/05/2014 00:00;
285;01/jun/14;26000;8666,666667;01/06/2014 00:00;
286;01/jun/13;478000;159333,3333;01/06/2013 00:00;9
286;01/jul/13;478000;159333,3333;01/07/2013 00:00;9
286;01/ago/13;478000;159333,3333;01/08/2013 00:00;9
286;01/set/13;389000;129666,6667;01/09/2013 00:00;9
286;01/out/13;389000;129666,6667;01/10/2013 00:00;9
286;01/nov/13;389000;129666,6667;01/11/2013 00:00;9
286;01/dez/13;399000;133000;01/12/2013 00:00;9
286;01/jan/14;399000;133000;01/01/2014 00:00;9
286;01/fev/14;399000;133000;01/02/2014 00:00;9
286;01/mar/14;421000;140333,3333;01/03/2014 00:00;9
286;01/abr/14;421000;140333,3333;01/04/2014 00:00;9
286;01/mai/14;421000;140333,3333;01/05/2014 00:00;9
286;01/jun/14;421000;140333,3333;01/06/2014 00:00;9
287;01/jun/12;93000;31000;01/06/2012 00:00;
287;01/jul/12;93000;31000;01/07/2012 00:00;
287;01/ago/12;93000;31000;01/08/2012 00:00;
287;01/set/12;15000;5000;01/09/2012 00:00;
287;01/out/12;15000;5000;01/10/2012 00:00;
287;01/nov/12;15000;5000;01/11/2012 00:00;
287;01/dez/12;33000;11000;01/12/2012 00:00;
287;01/jan/13;33000;11000;01/01/2013 00:00;
287;01/fev/13;33000;11000;01/02/2013 00:00;
287;01/mar/13;110000;36666,66667;01/03/2013 00:00;
287;01/abr/13;110000;36666,66667;01/04/2013 00:00;
287;01/mai/13;110000;36666,66667;01/05/2013 00:00;
287;01/jun/13;184000;61333,33333;01/06/2013 00:00;
287;01/jul/13;184000;61333,33333;01/07/2013 00:00;
287;01/ago/13;184000;61333,33333;01/08/2013 00:00;
287;01/set/13;324000;108000;01/09/2013 00:00;
287;01/out/13;324000;108000;01/10/2013 00:00;
287;01/nov/13;324000;108000;01/11/2013 00:00;
287;01/dez/13;116000;38666,66667;01/12/2013 00:00;
287;01/jan/14;116000;38666,66667;01/01/2014 00:00;
287;01/fev/14;116000;38666,66667;01/02/2014 00:00;
287;01/mar/14;1000;333,3333333;01/03/2014 00:00;
287;01/abr/14;1000;333,3333333;01/04/2014 00:00;
287;01/mai/14;1000;333,3333333;01/05/2014 00:00;
287;01/jun/14;1000;333,3333333;01/06/2014 00:00;
288;01/jun/13;728000;242666,6667;01/06/2013 00:00;8
288;01/jul/13;728000;242666,6667;01/07/2013 00:00;8
288;01/ago/13;728000;242666,6667;01/08/2013 00:00;8
288;01/set/13;566000;188666,6667;01/09/2013 00:00;8
288;01/out/13;566000;188666,6667;01/10/2013 00:00;8
288;01/nov/13;566000;188666,6667;01/11/2013 00:00;8
288;01/dez/13;366000;122000;01/12/2013 00:00;8
288;01/jan/14;366000;122000;01/01/2014 00:00;8
288;01/fev/14;366000;122000;01/02/2014 00:00;8
288;01/mar/14;627000;209000;01/03/2014 00:00;8
288;01/abr/14;627000;209000;01/04/2014 00:00;8
288;01/mai/14;627000;209000;01/05/2014 00:00;8
288;01/jun/14;627000;209000;01/06/2014 00:00;8
289;01/jun/12;1898000;632666,6667;01/06/2012 00:00;10
289;01/jul/12;1898000;632666,6667;01/07/2012 00:00;10
289;01/ago/12;1898000;632666,6667;01/08/2012 00:00;10
289;01/set/12;1262000;420666,6667;01/09/2012 00:00;10
289;01/out/12;1262000;420666,6667;01/10/2012 00:00;10
289;01/nov/12;1262000;420666,6667;01/11/2012 00:00;10
289;01/dez/12;938000;312666,6667;01/12/2012 00:00;10
289;01/jan/13;938000;312666,6667;01/01/2013 00:00;10
289;01/fev/13;938000;312666,6667;01/02/2013 00:00;10
289;01/mar/13;1279000;426333,3333;01/03/2013 00:00;10
289;01/abr/13;1279000;426333,3333;01/04/2013 00:00;10
289;01/mai/13;1279000;426333,3333;01/05/2013 00:00;10
289;01/jun/13;1506000;502000;01/06/2013 00:00;10
289;01/jul/13;1506000;502000;01/07/2013 00:00;10
289;01/ago/13;1506000;502000;01/08/2013 00:00;10
289;01/set/13;1419000;473000;01/09/2013 00:00;10
289;01/out/13;1419000;473000;01/10/2013 00:00;10
289;01/nov/13;1419000;473000;01/11/2013 00:00;10
289;01/dez/13;883000;294333,3333;01/12/2013 00:00;10
289;01/jan/14;883000;294333,3333;01/01/2014 00:00;10
289;01/fev/14;883000;294333,3333;01/02/2014 00:00;10
289;01/mar/14;1329000;443000;01/03/2014 00:00;10
289;01/abr/14;1329000;443000;01/04/2014 00:00;10
289;01/mai/14;1329000;443000;01/05/2014 00:00;10
289;01/jun/14;1329000;443000;01/06/2014 00:00;10
290;01/jun/12;593000;197666,6667;01/06/2012 00:00;7
290;01/jul/12;593000;197666,6667;01/07/2012 00:00;7
290;01/ago/12;593000;197666,6667;01/08/2012 00:00;7
290;01/set/12;409000;136333,3333;01/09/2012 00:00;7
290;01/out/12;409000;136333,3333;01/10/2012 00:00;7
290;01/nov/12;409000;136333,3333;01/11/2012 00:00;7
290;01/dez/12;217000;72333,33333;01/12/2012 00:00;7
290;01/jan/13;217000;72333,33333;01/01/2013 00:00;7
290;01/fev/13;217000;72333,33333;01/02/2013 00:00;7
290;01/mar/13;404000;134666,6667;01/03/2013 00:00;7
290;01/abr/13;404000;134666,6667;01/04/2013 00:00;7
290;01/mai/13;404000;134666,6667;01/05/2013 00:00;7
290;01/jun/13;1262000;420666,6667;01/06/2013 00:00;7
290;01/jul/13;1262000;420666,6667;01/07/2013 00:00;7
290;01/ago/13;1262000;420666,6667;01/08/2013 00:00;7
290;01/set/13;1057000;352333,3333;01/09/2013 00:00;7
290;01/out/13;1057000;352333,3333;01/10/2013 00:00;7
290;01/nov/13;1057000;352333,3333;01/11/2013 00:00;7
290;01/dez/13;707000;235666,6667;01/12/2013 00:00;7
290;01/jan/14;707000;235666,6667;01/01/2014 00:00;7
290;01/fev/14;707000;235666,6667;01/02/2014 00:00;7
290;01/mar/14;908000;302666,6667;01/03/2014 00:00;7
290;01/abr/14;908000;302666,6667;01/04/2014 00:00;7
290;01/mai/14;908000;302666,6667;01/05/2014 00:00;7
290;01/jun/14;908000;302666,6667;01/06/2014 00:00;7
